﻿"Variable / Field Name","Form Name","Section Header","Field Type","Field Label","Choices, Calculations, OR Slider Labels","Field Note","Text Validation Type OR Show Slider Number","Text Validation Min","Text Validation Max",Identifier?,"Branching Logic (Show field only if...)","Required Field?","Custom Alignment","Question Number (surveys only)","Matrix Group Name","Matrix Ranking?","Field Annotation"
oid_1_1_2_7_0_1,familienanamnese,,text,"Record ID",,,,,,y,,,,,,," @CALCTEXT([oid_1_1_2_30_1_0]) @HIDDEN"
oid_1_1_2_7_0_2,familienanamnese,,text,"Fall ID",,,,,,y,,,,,,," @CALCTEXT([oid_1_1_2_30_1_1]) @HIDDEN"
oid_1_1_2_7_0_3,familienanamnese,,text,Geburtsdatum,,,date_dmy,,,y,,,,,,," @CALCTEXT([oid_1_1_2_30_1_2]) @HIDDEN"
oid_1_1_2_7_0_4,familienanamnese,,text,Alter,,,integer,0,110,y,,,,,,," @CALCTEXT([oid_1_1_2_30_1_3]) @HIDDEN"
oid_1_1_2_7_0_5,familienanamnese,,text,Geschlecht,,,,,,y,,,,,,," @CALCTEXT([oid_1_1_2_30_1_4]) @HIDDEN"
oid_1_1_2_7_0_6,familienanamnese,,text,Erhebungszeitpunkt,,,,,,,,,,,,," @NOW-UTC @HIDDEN"
oid_1_1_2_7_0_7,familienanamnese,,text,Abschlusszeitpunkt,,,,,,,,,,,,," @CALCTEXT([survey-time-completed:Familienanamnese]) @HIDDEN"
oid_1_1_2_7_1_1,familienanamnese,"Bitte versuchen Sie, die Fragen zügig und aus dem Bauch heraus zu beantworten. Bitte überspringen Sie keine Fragen. Auch wenn einzelne Fragen oder Antworten nicht zu Ihrer derzeitigen Situation passen, wählen Sie bitte die Antwort aus, die am ehesten auf Sie zutrifft. Alle Ihre Antworten werden vertraulich behandelt. Vielen Dank, dass Sie sich die Zeit für die Beantwortung nehmen.",dropdown,"Persönliche Angaben: Muttersprache","1, Afar | 2, Abchasisch | 3, Avestisch | 4, Afrikaans | 5, Akan | 6, Amharisch | 7, Aragonesisch | 8, Arabisch | 9, Assamesisch | 10, Avarisch | 11, Aymara | 12, Aserbaidschanisch | 13, Baschkirisch | 14, Belarussisch | 15, Bulgarisch | 16, Bihari | 17, Bislama | 18, Bambara | 19, Bengalisch | 20, Tibetisch | 21, Bretonisch | 22, Bosnisch | 23, Katalanisch; Valencianisch | 24, Tschetschenisch | 25, Chamorro | 26, Korsisch | 27, Cree | 28, Tschechisch | 29, Kirchenslawisch; Altkirchenslawisch | 30, Tschuwaschisch | 31, Walisisch | 32, Dänisch | 33, Deutsch | 34, Dhivehi | 35, Dzongkha | 36, Ewe | 37, Griechisch | 38, Englisch | 39, Esperanto | 40, Spanisch; Kastilisch | 41, Estnisch | 42, Baskisch | 43, Persisch | 44, Fulfulde | 45, Finnisch | 46, Fidschi | 47, Färöisch | 48, Französisch | 49, Westfriesisch | 50, Irisch | 51, Schottisch-gälisch | 52, Galicisch; Galegisch | 53, Guaraní | 54, Gujarati | 55, Manx; Manx-Gälisch | 56, Hausa | 57, Hebräisch | 58, Hindi | 59, Hiri Motu | 60, Kroatisch | 61, Haitianisch | 62, Ungarisch | 63, Armenisch | 64, Otjiherero | 65, Interlingua | 66, Indonesisch | 67, Interlingue | 68, Igbo | 69, Yi | 70, Inupiaq | 71, Ido | 72, Isländisch | 73, Italienisch | 74, Inuktitut | 75, Japanisch | 76, Javanisch | 77, Georgisch | 78, Kikongo | 79, Kikuyu | 80, oshiKwanyama | 81, Kasachisch | 82, Grönländisch; Kalaallisut | 83, Khmer | 84, Kannada | 85, Koreanisch | 86, Kanuri | 87, Kashmiri | 88, Kurdisch | 89, Komi | 90, Kornisch | 91, Kirgisisch | 92, Latein | 93, Luxemburgisch | 94, Luganda | 95, Limburgisch; Südniederfränkisch | 96, Lingála | 97, Laotisch | 98, Litauisch | 99, Kiluba | 100, Lettisch | 101, Malagasy; Malagassi | 102, Marshallesisch | 103, Maori | 104, Mazedonisch | 105, Malayalam | 106, Mongolisch | 107, Marathi | 108, Malaiisch | 109, Maltesisch | 110, Birmanisch | 111, Nauruisch | 112, Bokmål | 113, Nord-Ndebele | 114, Nepali | 115, Ndonga | 116, Niederländisch; Belgisches Niederländisch | 117, Nynorsk | 118, Norwegisch | 119, Süd-Ndebele | 120, Navajo | 121, Chichewa | 122, Okzitanisch | 123, Ojibwe | 124, Oromo | 125, Oriya | 126, Ossetisch | 127, Panjabi; Pandschabi | 128, Pali | 129, Polnisch | 130, Paschtunisch | 131, Portugiesisch | 132, Quechua | 133, Bündnerromanisch; Romanisch | 134, Kirundi | 135, Rumänisch | 136, Russisch | 137, Kinyarwanda; Ruandisch | 138, Sanskrit | 139, Sardisch | 140, Sindhi | 141, Nordsamisch | 142, Sango | 143, Singhalesisch | 144, Slowakisch | 145, Slowenisch | 146, Samoanisch | 147, Shona | 148, Somali | 149, Albanisch | 150, Serbisch | 151, Siswati | 152, Sesotho; Süd-Sotho | 153, Sundanesisch | 154, Schwedisch | 155, Swahili | 156, Tamil | 157, Telugu | 158, Tadschikisch | 159, Thai | 160, Tigrinya | 161, Turkmenisch | 162, Tagalog | 163, Setswana | 164, Tongaisch | 165, Türkisch | 166, Xitsonga | 167, Tatarisch | 168, Twi | 169, Tahitianisch; Tahitisch | 170, Uigurisch | 171, Ukrainisch | 172, Urdu | 173, Usbekisch | 174, Tshivenda | 175, Vietnamesisch | 176, Volapük | 177, Wallonisch | 178, Wolof | 179, isiXhosa | 180, Jiddisch | 181, Yoruba | 182, Zhuang | 183, Chinesisch | 184, isiZulu","Nutze die Textsuche, um Deine Auswahl schneller in der Dropdown-Liste zu finden. Anstatt durch die gesamte Dropdown-Liste scrollen zu müssen, kannst Du einfach ein paar Zeichen Deines Suchbegriffs eingeben und es wird eine kurze Liste passender Optionen angezeigt. ",autocomplete,,,,,y,,,,,
oid_1_1_2_7_1_2,familienanamnese,,dropdown,"Persönliche Angaben: Höchster eigener erreichter Bildungsabschluss","1, Kein Schulabschluss | 2, Volksschulabschluss | 3, Hauptschulabschluss | 4, Realschulabschluss / mittlere Reife | 5, Fachabitur | 6, Abitur | 7, Lehre | 8, Meister | 9, Bachelor | 10, Master/Diplom | 11, Doktor/Professur",,,,,,,y,,,,,
oid_1_1_2_7_1_3,familienanamnese,,dropdown,"Angaben zum Vater: Höchster erreichter Bildungsabschluss des Vaters","1, Kein Schulabschluss | 2, Volksschulabschluss | 3, Hauptschulabschluss | 4, Realschulabschluss / mittlere Reife | 5, Fachabitur | 6, Abitur | 7, Lehre | 8, Meister | 9, Bachelor | 10, Master/Diplom | 11, Doktor/Professur",,,,,,,,,,,,
oid_1_1_2_7_1_4,familienanamnese,,dropdown,"Angaben zur Mutter: Höchster erreichter Bildungsabschluss der Mutter","1, Kein Schulabschluss | 2, Volksschulabschluss | 3, Hauptschulabschluss | 4, Realschulabschluss / mittlere Reife | 5, Fachabitur | 6, Abitur | 7, Lehre | 8, Meister | 9, Bachelor | 10, Master/Diplom | 11, Doktor/Professur",,,,,,,,,,,,
oid_1_1_2_7_1_5,familienanamnese,,text,"Wie viele Einwohner hatte der Ort, an dem Sie bis zum 18. Lebensjahr hauptsächlich aufgewachsen sind? Bitte geben Sie nur einen Wohnort an (wo Sie hauptsächlich aufgewachsen sind). Bitte machen Sie eine ungefähre Angabe.",,,integer,0,,,,,,,,,
oid_1_1_2_7_1_6,familienanamnese,,dropdown,"Leiden oder litten Ihre Angehörigen 1. Grades (d.h. Vater, Mutter, Geschwister, Kinder) unter einer psychischen Erkrankung (z.B. Schizophrenie, Depression, Manisch-Depressive Erkrankung, Zwangserkrankung, Angsterkrankung, Essstörung, Alkoholprobleme, Drogenprobleme)?","1, Ja | 2, Nein | 3, Weiß nicht",,,,,,,y,,,,,
oid_1_1_2_7_1_7,familienanamnese,,dropdown,"Sie haben angegeben, dass Angehörige 1. Grades unter einer psychischen Erkrankung leiden oder litten. Um welche Art von Erkrankung(en) handelt es sich hierbei (Mehrfachnennung möglich)? (Falls Sie doch keine(n) Angehörige(n) 1. Grades mit einer psychischen Erkrankung haben, klicken Sie bitte auf ""vorherige Frage"" und ändern Sie dort Ihre Eingabe)","1, Depression | 2, Bipolare Störung (depressive und manische Phasen) | 3, Suchterkrankung (Alkohol und/oder Drogen) | 4, Angststörung (z.B. Phobie, Panikstörung o.ä.) | 5, Zwangsstörung | 6, Posttraumatische Belastungsstörung | 7, Psychose (z.B. Schizophrenie) | 8, ADS oder ADHS (Aufmerksamkeits- und Hyperaktivitätsstörung) | 9, Essstörung | 10, Ich habe keine/n Angehörige/n mit psychiatrischer Erkrankung",,,,,,[oid_1_1_2_7_1_6]=1,,,,,,
oid_1_1_2_7_1_8,familienanamnese,,dropdown,"Sind Sie oder mindestens ein Elternteil aus einem anderen Land nach Deutschland gezogen?","1, Ja | 2, Nein",,,,,,,y,,,,,
oid_1_1_2_7_1_9,familienanamnese,,dropdown,"Sie haben angegeben, dass Sie oder mindestens ein Elternteil von Ihnen aus einem anderen Land nach Deutschland gezogen sind. Um welches Land handelt es sich?","1, Afghanistan | 2, Ägypten | 3, Åland | 4, Albanien | 5, Algerien | 6, Amerikanisch-Samoa | 7, Amerikanische Jungferninseln | 8, Andorra | 9, Angola | 10, Anguilla | 11, Antarktis | 12, Antigua und Barbuda | 13, Äquatorialguinea | 14, Argentinien | 15, Armenien | 16, Aserbaidschan | 17, Äthiopien | 18, Australien | 19, Bahamas | 20, Bahrain | 21, Bangladesch | 22, Barbados | 23, Belarus | 24, Belgien | 25, Belize | 26, Benin | 27, Bermuda | 28, Bhutan | 29, Bolivien | 30, Bonaire; Saba; Sint Eustatius | 31, Bosnien und Herzegowina | 32, Botswana | 33, Bouvetinsel | 34, Brasilien | 35, Britische Jungferninseln | 36, Britisches Territorium im Indischen Ozean | 37, Brunei | 38, Bulgarien | 39, Burkina Faso | 40, Burundi | 41, Ceuta; Melilla | 42, Chile | 43, Volksrepublik China | 44, Cookinseln | 45, Costa Rica | 46, Curaçao | 47, Dänemark | 48, Deutschland | 49, Dominica | 50, Dominikanische Republik | 51, Dschibuti | 52, Ecuador | 53, Elfenbeinküste | 54, El Salvador | 55, Eritrea | 56, Estland | 57, Eswatini | 58, Falklandinseln | 59, Färöer | 60, Fidschi | 61, Finnland | 62, Frankreich | 63, Französisch-Guayana | 64, Französisch-Polynesien | 65, Französische Süd- und Antarktisgebiete | 66, Gabun | 67, Gambia | 68, Georgien | 69, Ghana | 70, Gibraltar | 71, Grenada | 72, Griechenland | 73, Grönland | 74, Guadeloupe | 75, Guam | 76, Guatemala | 77, Guernsey | 78, Guinea | 79, Guinea-Bissau | 80, Guyana | 81, Haiti | 82, Heard und McDonaldinseln | 83, Honduras | 84, Hongkong | 85, Indien | 86, Indonesien | 87, Isle of Man | 88, Irak | 89, Iran | 90, Irland | 91, Island | 92, Israel | 93, Italien | 94, Jamaika | 95, Japan | 96, Jemen | 97, Jersey | 98, Jordanien | 99, Cayman Islands | 100, Kambodscha | 101, Kamerun | 102, Kanada | 103, Kap Verde | 104, Kasachstan | 105, Katar | 106, Kenia | 107, Kirgisistan | 108, Kiribati | 109, Kokosinseln | 110, Kolumbien | 111, Komoren | 112, Demokratische Republik Kongo | 113, Republik Kongo | 114, Nordkorea | 115, Südkorea | 116, Kroatien | 117, Kuba | 118, Kuwait | 119, Laos | 120, Lesotho | 121, Lettland | 122, Libanon | 123, Liberia | 124, Libyen | 125, Liechtenstein | 126, Litauen | 127, Luxemburg | 128, Macau | 129, Madagaskar | 130, Malawi | 131, Malaysia | 132, Malediven | 133, Mali | 134, Malta | 135, Marokko | 136, Marshallinseln | 137, Martinique | 138, Mauretanien | 139, Mauritius | 140, Mayotte | 141, Mexiko | 142, Mikronesien | 143, Moldau | 144, Monaco | 145, Mongolei | 146, Montenegro | 147, Montserrat | 148, Mosambik | 149, Myanmar | 150, Namibia | 151, Nauru | 152, Nepal | 153, Neukaledonien | 154, Neuseeland | 155, Nicaragua | 156, Niederlande | 157, Niger | 158, Nigeria | 159, Niue | 160, Nördliche Marianen | 161, Nordmazedonien | 162, Norfolkinsel | 163, Norwegen | 164, Oman | 165, Österreich | 166, Osttimor | 167, Pakistan | 168, Palästina | 169, Palau | 170, Panama | 171, Papua-Neuguinea | 172, Paraguay | 173, Peru | 174, Philippinen | 175, Pitcairninseln | 176, Polen | 177, Portugal | 178, Puerto Rico | 179, Réunion | 180, Ruanda | 181, Rumänien | 182, Russland | 183, Salomonen | 184, Saint-Barthélemy | 185, Saint-Martin | 186, Sambia | 187, Samoa | 188, San Marino | 189, São Tomé und Príncipe | 190, Saudi-Arabien | 191, Schweden | 192, Schweiz | 193, Senegal | 194, Serbien | 195, Seychellen | 196, Sierra Leone | 197, Simbabwe | 198, Singapur | 199, Sint Maarten | 200, Slowakei | 201, Slowenien | 202, Somalia | 203, Spanien | 204, Sri Lanka | 205, St. Helena, Ascension und Tristan da Cunha | 206, St. Kitts und Nevis | 207, St. Lucia | 208, Saint-Pierre und Miquelon | 209, St. Vincent und die Grenadinen | 210, Südafrika | 211, Sudan | 212, Südgeorgien und die Südlichen Sandwichinseln | 213, Südsudan | 214, Suriname | 215, Spitzbergen und Jan Mayen | 216, Syrien | 217, Tadschikistan | 218, Taiwan | 219, Tansania | 220, Thailand | 221, Togo | 222, Tokelau | 223, Tonga | 224, Trinidad und Tobago | 225, Tschad | 226, Tschechien | 227, Tunesien | 228, Türkei | 229, Turkmenistan | 230, Turks- und Caicosinseln | 231, Tuvalu | 232, Uganda | 233, Ukraine | 234, Ungarn | 235, United States Minor Outlying Islands | 236, Uruguay | 237, Usbekistan | 238, Vanuatu | 239, Vatikanstadt | 240, Venezuela | 241, Vereinigte Arabische Emirate | 242, Vereinigten Staaten von Amerika | 243, Vereinigte Königreich Großbritannien und Nordirland | 244, Vietnam | 245, Wallis und Futuna | 246, Weihnachtsinsel | 247, Westsahara | 248, Zentralafrikanische Republik | 249, Zypern","Nutze die Textsuche, um Deine Auswahl schneller in der Dropdown-Liste zu finden. Anstatt durch die gesamte Dropdown-Liste scrollen zu müssen, kannst Du einfach ein paar Zeichen Deines Suchbegriffs eingeben und es wird eine kurze Liste passender Optionen angezeigt. ",autocomplete,,,,,,,,,,
oid_1_1_2_7_1_10,familienanamnese,,dropdown,"Haben Sie Kinder?","1, Ja | 2, Nein",,,,,,,,,,,,
oid_1_1_2_7_1_11,familienanamnese,,dropdown,"Haben Sie Geschwister?","1, Ja | 2, Nein",,,,,,,,,,,,
